[
  {"model": "hotels.amenity", "pk": 1, "fields": {"name": "Free WiFi"}},
  {"model": "hotels.amenity", "pk": 2, "fields": {"name": "Swimming Pool"}},
  {"model": "hotels.amenity", "pk": 3, "fields": {"name": "Air Conditioning"}},
  {"model": "hotels.amenity", "pk": 4, "fields": {"name": "Gym"}},

  {"model": "hotels.hotel", "pk": 1, "fields": {"city": 1, "name": "The Westin Dhaka", "description": "Luxury hotel with modern amenities.", "rating": "4.5", "amenities": [1, 2, 3, 4]}},
  {"model": "hotels.hotel", "pk": 2, "fields": {"city": 1, "name": "Pan Pacific Sonargaon Dhaka", "description": "Well-reviewed mid-luxury hotel.", "rating": "4.2", "amenities": [1, 2, 3, 4]}},
  {"model": "hotels.hotel", "pk": 3, "fields": {"city": 1, "name": "Sky City Hotel Dhaka", "description": "Good mid-range hotel.", "rating": "3.5", "amenities": [1, 3]}},
  {"model": "hotels.hotel", "pk": 4, "fields": {"city": 2, "name": "Radisson Blu Hotel, Chattogram Bay View", "description": "Upscale business hotel with great views.", "rating": "4.2", "amenities": [1, 2, 3, 4]}},
  {"model": "hotels.hotel", "pk": 5, "fields": {"city": 2, "name": "The Peninsula Chittagong", "description": "Popular 4-star hotel.", "rating": "4.0", "amenities": [1, 3]}},
  {"model": "hotels.hotel", "pk": 6, "fields": {"city": 2, "name": "Well Park Residence", "description": "Good mid-range choice.", "rating": "3.5", "amenities": [1, 3]}},
  {"model": "hotels.hotel", "pk": 7, "fields": {"city": 3, "name": "Grand Sylhet Hotel & Resort", "description": "High-end resort with a golf course and spa.", "rating": "4.7", "amenities": [1, 2, 3, 4]}},
  {"model": "hotels.hotel", "pk": 8, "fields": {"city": 3, "name": "Rose View Hotel Sylhet", "description": "Mid-range hotel.", "rating": "4.0", "amenities": [1, 3]}},
  {"model": "hotels.hotel", "pk": 9, "fields": {"city": 3, "name": "Hotel Noorjahan Grand", "description": "Commonly listed 3-star.", "rating": "3.2", "amenities": [1, 3]}},
  {"model": "hotels.hotel", "pk": 10, "fields": {"city": 4, "name": "The Crest Inn", "description": "Mid-range hotel with comfortable rooms.", "rating": "3.8", "amenities": [1, 3]}},
  {"model": "hotels.hotel", "pk": 11, "fields": {"city": 4, "name": "Hotel Skyway", "description": "4-star rated.", "rating": "4.1", "amenities": [1, 3]}},
  {"model": "hotels.hotel", "pk": 12, "fields": {"city": 4, "name": "Hotel Puthia", "description": "Simple 3-star hotel.", "rating": "3.3", "amenities": [1, 3]}},
  {"model": "hotels.hotel", "pk": 13, "fields": {"city": 5, "name": "Momo Inn", "description": "Highest category hotel in Bogura with excellent facilities.", "rating": "4.5", "amenities": [1, 2, 3, 4]}},
  {"model": "hotels.hotel", "pk": 14, "fields": {"city": 5, "name": "Hotel Naz Garden", "description": "A great 4-star hotel in the heart of Bogura.", "rating": "4.0", "amenities": [1, 3]}},
  {"model": "hotels.hotel", "pk": 15, "fields": {"city": 5, "name": "Annex Suites Bogura", "description": "Affordable 3-star hotel with quality services.", "rating": "3.3", "amenities": [1, 3]}},
  {"model": "hotels.hotel", "pk": 16, "fields": {"city": 6, "name": "Hotel City Inn", "description": "Convenient and affordable hotel for business travelers.", "rating": "3.5", "amenities": [1, 3]}},
  {"model": "hotels.hotel", "pk": 17, "fields": {"city": 6, "name": "Hotel Center Point", "description": "Mid-range hotel.", "rating": "4.0", "amenities": [1, 3]}},
  {"model": "hotels.hotel", "pk": 18, "fields": {"city": 6, "name": "Hotel Royal International", "description": "Popular 3-star hotel.", "rating": "3.2", "amenities": [1, 3]}},
  {"model": "hotels.hotel", "pk": 19, "fields": {"city": 7, "name": "Hotel The Comilla International", "description": "Simple hotel with essential services.", "rating": "3.0", "amenities": [1, 3]}},
  {"model": "hotels.hotel", "pk": 20, "fields": {"city": 7, "name": "Hotel Crimson", "description": "Budget-friendly mid-range option.", "rating": "3.2", "amenities": [1, 3]}},
  {"model": "hotels.hotel", "pk": 21, "fields": {"city": 7, "name": "Hotel New Shaheen", "description": "Basic 3-star hotel.", "rating": "3.0", "amenities": [1, 3]}},
  {"model": "hotels.hotel", "pk": 22, "fields": {"city": 8, "name": "Hotel Samrat", "description": "5-star luxury hotel in Barisal.", "rating": "4.6", "amenities": [1, 2, 3, 4]}},
  {"model": "hotels.hotel", "pk": 23, "fields": {"city": 8, "name": "Hotel Nabila", "description": "4-star hotel with a good range of services.", "rating": "4.1", "amenities": [1, 3]}},
  {"model": "hotels.hotel", "pk": 24, "fields": {"city": 8, "name": "Hotel Shapla", "description": "3-star hotel offering a comfortable stay.", "rating": "3.4", "amenities": [1, 3]}},
  {"model": "hotels.hotel", "pk": 25, "fields": {"city": 9, "name": "Hotel The Grand Mymensingh", "description": "Luxurious hotel in Mymensingh.", "rating": "4.3", "amenities": [1, 2, 3, 4]}},
  {"model": "hotels.hotel", "pk": 26, "fields": {"city": 9, "name": "Hotel Sohana", "description": "4-star hotel offering good facilities.", "rating": "3.9", "amenities": [1, 3]}},
  {"model": "hotels.hotel", "pk": 27, "fields": {"city": 9, "name": "Hotel Royal Mymensingh", "description": "3-star hotel with standard services.", "rating": "3.1", "amenities": [1, 3]}},
  {"model": "hotels.hotel", "pk": 28, "fields": {"city": 10, "name": "Hotel Rangpur Plaza", "description": "5-star luxury hotel.", "rating": "4.5", "amenities": [1, 2, 3, 4]}},
  {"model": "hotels.hotel", "pk": 29, "fields": {"city": 10, "name": "Hotel City Inn", "description": "Mid-range hotel in Rangpur.", "rating": "4.0", "amenities": [1, 3]}},
  {"model": "hotels.hotel", "pk": 30, "fields": {"city": 10, "name": "Hotel Green Park", "description": "Popular 3-star hotel.", "rating": "3.2", "amenities": [1, 3]}},
  {"model": "hotels.hotel", "pk": 31, "fields": {"city": 11, "name": "Grand Sultan Tea Resort & Golf", "description": "Luxury resort in Gazipur.", "rating": "4.8", "amenities": [1, 2, 3, 4]}},
  {"model": "hotels.hotel", "pk": 32, "fields": {"city": 11, "name": "Hotel Green View", "description": "Good 4-star hotel with amenities.", "rating": "4.3", "amenities": [1, 2, 3, 4]}},
  {"model": "hotels.hotel", "pk": 33, "fields": {"city": 11, "name": "Hotel Kazi", "description": "Affordable 3-star hotel.", "rating": "3.4", "amenities": [1, 3]}},
  {"model": "hotels.hotel", "pk": 34, "fields": {"city": 12, "name": "Hotel Executive International", "description": "Business-friendly 5-star hotel.", "rating": "4.6", "amenities": [1, 2, 3, 4]}},
  {"model": "hotels.hotel", "pk": 35, "fields": {"city": 12, "name": "Hotel Narayanganj Plaza", "description": "4-star hotel for business travelers.", "rating": "4.1", "amenities": [1, 3]}},
  {"model": "hotels.hotel", "pk": 36, "fields": {"city": 12, "name": "Hotel Orchid", "description": "Comfortable 3-star hotel.", "rating": "3.2", "amenities": [1, 3]}},
  {"model": "hotels.hotel", "pk": 37, "fields": {"city": 13, "name": "Hotel Silver Park", "description": "Luxury 5-star hotel.", "rating": "4.6", "amenities": [1, 2, 3, 4]}},
  {"model": "hotels.hotel", "pk": 38, "fields": {"city": 13, "name": "Hotel Sharif Plaza", "description": "4-star hotel.", "rating": "4.0", "amenities": [1, 3]}},
  {"model": "hotels.hotel", "pk": 39, "fields": {"city": 13, "name": "Hotel Rubel International", "description": "3-star hotel.", "rating": "3.3", "amenities": [1, 3]}},
  {"model": "hotels.hotel", "pk": 40, "fields": {"city": 14, "name": "Hotel Sirajganj Palace", "description": "Luxury 5-star hotel.", "rating": "4.7", "amenities": [1, 2, 3, 4]}},
  {"model": "hotels.hotel", "pk": 41, "fields": {"city": 14, "name": "Hotel Ashraf", "description": "4-star hotel.", "rating": "4.1", "amenities": [1, 3]}},
  {"model": "hotels.hotel", "pk": 42, "fields": {"city": 14, "name": "Hotel Sima", "description": "3-star hotel.", "rating": "3.5", "amenities": [1, 3]}},
  {"model": "hotels.hotel", "pk": 43, "fields": {"city": 15, "name": "Hotel Pabna International", "description": "5-star hotel.", "rating": "4.6", "amenities": [1, 2, 3, 4]}},
  {"model": "hotels.hotel", "pk": 44, "fields": {"city": 15, "name": "Hotel Pabna Royal", "description": "4-star hotel.", "rating": "4.0", "amenities": [1, 3]}},
  {"model": "hotels.hotel", "pk": 45, "fields": {"city": 15, "name": "Hotel Shonali", "description": "3-star hotel.", "rating": "3.2", "amenities": [1, 3]}},
  {"model": "hotels.hotel", "pk": 46, "fields": {"city": 16, "name": "Hotel Chandpur City", "description": "5-star hotel.", "rating": "4.5", "amenities": [1, 2, 3, 4]}},
  {"model": "hotels.hotel", "pk": 47, "fields": {"city": 16, "name": "Hotel Bay View", "description": "4-star hotel.", "rating": "4.2", "amenities": [1, 3]}},
  {"model": "hotels.hotel", "pk": 48, "fields": {"city": 16, "name": "Hotel Sunrise", "description": "3-star hotel.", "rating": "3.3", "amenities": [1, 3]}},
  {"model": "hotels.hotel", "pk": 49, "fields": {"city": 17, "name": "Hotel Feni Grand", "description": "5-star hotel.", "rating": "4.7", "amenities": [1, 2, 3, 4]}},
  {"model": "hotels.hotel", "pk": 50, "fields": {"city": 17, "name": "Hotel New Feni", "description": "4-star hotel.", "rating": "4.1", "amenities": [1, 3]}},
  {"model": "hotels.hotel", "pk": 51, "fields": {"city": 17, "name": "Hotel Shubho", "description": "3-star hotel.", "rating": "3.2", "amenities": [1, 3]}},
  {"model": "hotels.hotel", "pk": 52, "fields": {"city": 18, "name": "Hotel Dinajpur Plaza", "description": "5-star hotel.", "rating": "4.8", "amenities": [1, 2, 3, 4]}},
  {"model": "hotels.hotel", "pk": 53, "fields": {"city": 18, "name": "Hotel Raja Palace", "description": "4-star hotel.", "rating": "4.0", "amenities": [1, 3]}},
  {"model": "hotels.hotel", "pk": 54, "fields": {"city": 18, "name": "Hotel Golden Star", "description": "3-star hotel.", "rating": "3.1", "amenities": [1, 3]}},
  {"model": "hotels.hotel", "pk": 55, "fields": {"city": 19, "name": "Hotel Jamalpur International", "description": "5-star hotel.", "rating": "4.6", "amenities": [1, 2, 3, 4]}},
  {"model": "hotels.hotel", "pk": 56, "fields": {"city": 19, "name": "Hotel Mitali", "description": "4-star hotel.", "rating": "4.0", "amenities": [1, 3]}},
  {"model": "hotels.hotel", "pk": 57, "fields": {"city": 19, "name": "Hotel Jagannath", "description": "3-star hotel.", "rating": "3.3", "amenities": [1, 3]}},
  {"model": "hotels.hotel", "pk": 58, "fields": {"city": 20, "name": "Hotel Satkhira International", "description": "Luxury hotel in Satkhira with modern amenities.", "rating": "4.5", "amenities": [1, 2, 3, 4]}},
  {"model": "hotels.hotel", "pk": 59, "fields": {"city": 20, "name": "Hotel Green View", "description": "4-star hotel with a peaceful environment.", "rating": "4.0", "amenities": [1, 3]}},
  {"model": "hotels.hotel", "pk": 60, "fields": {"city": 20, "name": "Hotel Shanta", "description": "Affordable 3-star hotel offering good services.", "rating": "3.3", "amenities": [1, 3]}},
  {"model": "hotels.hotel", "pk": 61, "fields": {"city": 21, "name": "Kushtia Grand Hotel", "description": "5-star luxury hotel with comfortable rooms.", "rating": "4.7", "amenities": [1, 2, 3, 4]}},
  {"model": "hotels.hotel", "pk": 62, "fields": {"city": 21, "name": "Hotel City Plaza", "description": "4-star hotel with great amenities for business travelers.", "rating": "4.2", "amenities": [1, 2, 3, 4]}},
  {"model": "hotels.hotel", "pk": 63, "fields": {"city": 21, "name": "Hotel Kushtia Comfort", "description": "3-star hotel with basic facilities.", "rating": "3.4", "amenities": [1, 3]}},
  {"model": "hotels.hotel", "pk": 64, "fields": {"city": 22, "name": "Sayeman Beach Resort", "description": "Premium 5-star resort offering breathtaking views of the Bay of Bengal and world-class infinity pools.", "rating": "4.8", "amenities": [1, 2, 3, 4]}},
  {"model": "hotels.hotel", "pk": 65, "fields": {"city": 22, "name": "Ocean Paradise Hotel", "description": "Luxurious 4-star experience with a rooftop restaurant and easy access to the main Kolatoli beach.", "rating": "4.4", "amenities": [1, 2, 3, 4]}},
  {"model": "hotels.hotel", "pk": 66, "fields": {"city": 22, "name": "Hotel Seagull", "description": "Renowned 4-star hotel known for its traditional hospitality and beautiful garden surroundings near the beach.", "rating": "4.1", "amenities": [1, 3]}},

  {"model": "hotels.room", "pk": 1, "fields": {"hotel": 1, "r_id": "101", "r_type": "Deluxe", "r_price": "150.00", "feature": "Deluxe room with premium features and view."}},
  {"model": "hotels.room", "pk": 2, "fields": {"hotel": 2, "r_id": "101", "r_type": "Deluxe", "r_price": "120.00", "feature": "Deluxe room with premium features and view."}},
  {"model": "hotels.room", "pk": 3, "fields": {"hotel": 3, "r_id": "101", "r_type": "Standard", "r_price": "60.00", "feature": "Standard room with essential amenities."}},
  {"model": "hotels.room", "pk": 4, "fields": {"hotel": 4, "r_id": "101", "r_type": "Deluxe", "r_price": "120.00", "feature": "Deluxe room with premium features and view."}},
  {"model": "hotels.room", "pk": 5, "fields": {"hotel": 5, "r_id": "101", "r_type": "Standard", "r_price": "80.00", "feature": "Standard room with essential amenities."}},
  {"model": "hotels.room", "pk": 6, "fields": {"hotel": 6, "r_id": "101", "r_type": "Standard", "r_price": "50.00", "feature": "Standard room with essential amenities."}},
  {"model": "hotels.room", "pk": 7, "fields": {"hotel": 7, "r_id": "101", "r_type": "Deluxe", "r_price": "180.00", "feature": "Deluxe room with premium features and view."}},
  {"model": "hotels.room", "pk": 8, "fields": {"hotel": 8, "r_id": "101", "r_type": "Standard", "r_price": "90.00", "feature": "Standard room with essential amenities."}},
  {"model": "hotels.room", "pk": 9, "fields": {"hotel": 9, "r_id": "101", "r_type": "Standard", "r_price": "50.00", "feature": "Standard room with essential amenities."}},
  {"model": "hotels.room", "pk": 10, "fields": {"hotel": 10, "r_id": "101", "r_type": "Standard", "r_price": "75.00", "feature": "Standard room with essential amenities."}},
  {"model": "hotels.room", "pk": 11, "fields": {"hotel": 11, "r_id": "101", "r_type": "Standard", "r_price": "90.00", "feature": "Standard room with essential amenities."}},
  {"model": "hotels.room", "pk": 12, "fields": {"hotel": 12, "r_id": "101", "r_type": "Standard", "r_price": "50.00", "feature": "Standard room with essential amenities."}},
  {"model": "hotels.room", "pk": 13, "fields": {"hotel": 13, "r_id": "101", "r_type": "Deluxe", "r_price": "130.00", "feature": "Deluxe room with premium features and view."}},
  {"model": "hotels.room", "pk": 14, "fields": {"hotel": 14, "r_id": "101", "r_type": "Standard", "r_price": "85.00", "feature": "Standard room with essential amenities."}},
  {"model": "hotels.room", "pk": 15, "fields": {"hotel": 15, "r_id": "101", "r_type": "Standard", "r_price": "50.00", "feature": "Standard room with essential amenities."}},
  {"model": "hotels.room", "pk": 16, "fields": {"hotel": 16, "r_id": "101", "r_type": "Standard", "r_price": "60.00", "feature": "Standard room with essential amenities."}},
  {"model": "hotels.room", "pk": 17, "fields": {"hotel": 17, "r_id": "101", "r_type": "Standard", "r_price": "70.00", "feature": "Standard room with essential amenities."}},
  {"model": "hotels.room", "pk": 18, "fields": {"hotel": 18, "r_id": "101", "r_type": "Standard", "r_price": "50.00", "feature": "Standard room with essential amenities."}},
  {"model": "hotels.room", "pk": 19, "fields": {"hotel": 19, "r_id": "101", "r_type": "Standard", "r_price": "50.00", "feature": "Standard room with essential amenities."}},
  {"model": "hotels.room", "pk": 20, "fields": {"hotel": 20, "r_id": "101", "r_type": "Standard", "r_price": "40.00", "feature": "Standard room with essential amenities."}},
  {"model": "hotels.room", "pk": 21, "fields": {"hotel": 21, "r_id": "101", "r_type": "Standard", "r_price": "30.00", "feature": "Standard room with essential amenities."}},
  {"model": "hotels.room", "pk": 22, "fields": {"hotel": 22, "r_id": "101", "r_type": "Deluxe", "r_price": "150.00", "feature": "Deluxe room with premium features and view."}},
  {"model": "hotels.room", "pk": 23, "fields": {"hotel": 23, "r_id": "101", "r_type": "Standard", "r_price": "95.00", "feature": "Standard room with essential amenities."}},
  {"model": "hotels.room", "pk": 24, "fields": {"hotel": 24, "r_id": "101", "r_type": "Standard", "r_price": "60.00", "feature": "Standard room with essential amenities."}},
  {"model": "hotels.room", "pk": 25, "fields": {"hotel": 25, "r_id": "101", "r_type": "Deluxe", "r_price": "120.00", "feature": "Deluxe room with premium features and view."}},
  {"model": "hotels.room", "pk": 26, "fields": {"hotel": 26, "r_id": "101", "r_type": "Standard", "r_price": "75.00", "feature": "Standard room with essential amenities."}},
  {"model": "hotels.room", "pk": 27, "fields": {"hotel": 27, "r_id": "101", "r_type": "Standard", "r_price": "40.00", "feature": "Standard room with essential amenities."}},
  {"model": "hotels.room", "pk": 28, "fields": {"hotel": 28, "r_id": "101", "r_type": "Deluxe", "r_price": "150.00", "feature": "Deluxe room with premium features and view."}},
  {"model": "hotels.room", "pk": 29, "fields": {"hotel": 29, "r_id": "101", "r_type": "Standard", "r_price": "70.00", "feature": "Standard room with essential amenities."}},
  {"model": "hotels.room", "pk": 30, "fields": {"hotel": 30, "r_id": "101", "r_type": "Standard", "r_price": "45.00", "feature": "Standard room with essential amenities."}},
  {"model": "hotels.room", "pk": 31, "fields": {"hotel": 31, "r_id": "101", "r_type": "Deluxe", "r_price": "180.00", "feature": "Deluxe room with premium features and view."}},
  {"model": "hotels.room", "pk": 32, "fields": {"hotel": 32, "r_id": "101", "r_type": "Deluxe", "r_price": "100.00", "feature": "Deluxe room with premium features and view."}},
  {"model": "hotels.room", "pk": 33, "fields": {"hotel": 33, "r_id": "101", "r_type": "Standard", "r_price": "60.00", "feature": "Standard room with essential amenities."}},
  {"model": "hotels.room", "pk": 34, "fields": {"hotel": 34, "r_id": "101", "r_type": "Deluxe", "r_price": "160.00", "feature": "Deluxe room with premium features and view."}},
  {"model": "hotels.room", "pk": 35, "fields": {"hotel": 35, "r_id": "101", "r_type": "Standard", "r_price": "90.00", "feature": "Standard room with essential amenities."}},
  {"model": "hotels.room", "pk": 36, "fields": {"hotel": 36, "r_id": "101", "r_type": "Standard", "r_price": "50.00", "feature": "Standard room with essential amenities."}},
  {"model": "hotels.room", "pk": 37, "fields": {"hotel": 37, "r_id": "101", "r_type": "Deluxe", "r_price": "150.00", "feature": "Deluxe room with premium features and view."}},
  {"model": "hotels.room", "pk": 38, "fields": {"hotel": 38, "r_id": "101", "r_type": "Standard", "r_price": "90.00", "feature": "Standard room with essential amenities."}},
  {"model": "hotels.room", "pk": 39, "fields": {"hotel": 39, "r_id": "101", "r_type": "Standard", "r_price": "50.00", "feature": "Standard room with essential amenities."}},
  {"model": "hotels.room", "pk": 40, "fields": {"hotel": 40, "r_id": "101", "r_type": "Deluxe", "r_price": "120.00", "feature": "Deluxe room with premium features and view."}},
  {"model": "hotels.room", "pk": 41, "fields": {"hotel": 41, "r_id": "101", "r_type": "Standard", "r_price": "75.00", "feature": "Standard room with essential amenities."}},
  {"model": "hotels.room", "pk": 42, "fields": {"hotel": 42, "r_id": "101", "r_type": "Standard", "r_price": "45.00", "feature": "Standard room with essential amenities."}},
  {"model": "hotels.room", "pk": 43, "fields": {"hotel": 43, "r_id": "101", "r_type": "Deluxe", "r_price": "140.00", "feature": "Deluxe room with premium features and view."}},
  {"model": "hotels.room", "pk": 44, "fields": {"hotel": 44, "r_id": "101", "r_type": "Standard", "r_price": "80.00", "feature": "Standard room with essential amenities."}},
  {"model": "hotels.room", "pk": 45, "fields": {"hotel": 45, "r_id": "101", "r_type": "Standard", "r_price": "50.00", "feature": "Standard room with essential amenities."}},
  {"model": "hotels.room", "pk": 46, "fields": {"hotel": 46, "r_id": "101", "r_type": "Deluxe", "r_price": "160.00", "feature": "Deluxe room with premium features and view."}},
  {"model": "hotels.room", "pk": 47, "fields": {"hotel": 47, "r_id": "101", "r_type": "Standard", "r_price": "95.00", "feature": "Standard room with essential amenities."}},
  {"model": "hotels.room", "pk": 48, "fields": {"hotel": 48, "r_id": "101", "r_type": "Standard", "r_price": "55.00", "feature": "Standard room with essential amenities."}},
  {"model": "hotels.room", "pk": 49, "fields": {"hotel": 49, "r_id": "101", "r_type": "Deluxe", "r_price": "150.00", "feature": "Deluxe room with premium features and view."}},
  {"model": "hotels.room", "pk": 50, "fields": {"hotel": 50, "r_id": "101", "r_type": "Standard", "r_price": "90.00", "feature": "Standard room with essential amenities."}},
  {"model": "hotels.room", "pk": 51, "fields": {"hotel": 51, "r_id": "101", "r_type": "Standard", "r_price": "50.00", "feature": "Standard room with essential amenities."}},
  {"model": "hotels.room", "pk": 52, "fields": {"hotel": 52, "r_id": "101", "r_type": "Deluxe", "r_price": "170.00", "feature": "Deluxe room with premium features and view."}},
  {"model": "hotels.room", "pk": 53, "fields": {"hotel": 53, "r_id": "101", "r_type": "Standard", "r_price": "85.00", "feature": "Standard room with essential amenities."}},
  {"model": "hotels.room", "pk": 54, "fields": {"hotel": 54, "r_id": "101", "r_type": "Standard", "r_price": "50.00", "feature": "Standard room with essential amenities."}},
  {"model": "hotels.room", "pk": 55, "fields": {"hotel": 55, "r_id": "101", "r_type": "Deluxe", "r_price": "130.00", "feature": "Deluxe room with premium features and view."}},
  {"model": "hotels.room", "pk": 56, "fields": {"hotel": 56, "r_id": "101", "r_type": "Standard", "r_price": "70.00", "feature": "Standard room with essential amenities."}},
  {"model": "hotels.room", "pk": 57, "fields": {"hotel": 57, "r_id": "101", "r_type": "Standard", "r_price": "45.00", "feature": "Standard room with essential amenities."}},
  {"model": "hotels.room", "pk": 58, "fields": {"hotel": 58, "r_id": "101", "r_type": "Deluxe", "r_price": "150.00", "feature": "Deluxe room with premium features and view."}},
  {"model": "hotels.room", "pk": 59, "fields": {"hotel": 59, "r_id": "101", "r_type": "Standard", "r_price": "85.00", "feature": "Standard room with essential amenities."}},
  {"model": "hotels.room", "pk": 60, "fields": {"hotel": 60, "r_id": "101", "r_type": "Standard", "r_price": "50.00", "feature": "Standard room with essential amenities."}},
  {"model": "hotels.room", "pk": 61, "fields": {"hotel": 61, "r_id": "101", "r_type": "Deluxe", "r_price": "140.00", "feature": "Deluxe room with premium features and view."}},
  {"model": "hotels.room", "pk": 62, "fields": {"hotel": 62, "r_id": "101", "r_type": "Deluxe", "r_price": "100.00", "feature": "Deluxe room with premium features and view."}},
  {"model": "hotels.room", "pk": 63, "fields": {"hotel": 63, "r_id": "101", "r_type": "Standard", "r_price": "55.00", "feature": "Standard room with essential amenities."}},
  {"model": "hotels.room", "pk": 64, "fields": {"hotel": 64, "r_id": "101", "r_type": "Deluxe", "r_price": "150.00", "feature": "Deluxe room with premium features and view."}},
  {"model": "hotels.room", "pk": 65, "fields": {"hotel": 65, "r_id": "101", "r_type": "Deluxe", "r_price": "110.00", "feature": "Deluxe room with premium features and view."}},
  {"model": "hotels.room", "pk": 66, "fields": {"hotel": 66, "r_id": "101", "r_type": "Standard", "r_price": "95.00", "feature": "Standard room with essential amenities."}},
  {"model": "hotels.room", "pk": 67, "fields": {"hotel": 1, "r_id": "201", "r_type": "Presidential Suite", "r_price": "450.00", "feature": "Penthouse view, private jacuzzi, and personal butler service."}},
  {"model": "hotels.room", "pk": 68, "fields": {"hotel": 1, "r_id": "301", "r_type": "Executive Suite", "r_price": "280.00", "feature": "Spacious living area and access to the executive lounge."}},
  
  {"model": "hotels.room", "pk": 69, "fields": {"hotel": 2, "r_id": "201", "r_type": "Family Suite", "r_price": "200.00", "feature": "Two connected bedrooms with a mini-kitchenette."}},
  {"model": "hotels.room", "pk": 70, "fields": {"hotel": 4, "r_id": "201", "r_type": "Business Studio", "r_price": "160.00", "feature": "Ergonomic workspace and high-speed dedicated internet."}},
  
  {"model": "hotels.room", "pk": 71, "fields": {"hotel": 7, "r_id": "201", "r_type": "Golf View Suite", "r_price": "320.00", "feature": "Panoramic balcony overlooking the golf course."}},
  {"model": "hotels.room", "pk": 72, "fields": {"hotel": 7, "r_id": "301", "r_type": "Honeymoon Suite", "r_price": "350.00", "feature": "Romantic decor, king canopy bed, and spa voucher included."}},
  
  {"model": "hotels.room", "pk": 73, "fields": {"hotel": 13, "r_id": "201", "r_type": "Luxury Twin", "r_price": "110.00", "feature": "Two queen beds with premium linens and garden view."}},
  {"model": "hotels.room", "pk": 74, "fields": {"hotel": 22, "r_id": "201", "r_type": "Royal Suite", "r_price": "300.00", "feature": "Traditional luxury decor with modern smart home features."}},
  
  {"model": "hotels.room", "pk": 75, "fields": {"hotel": 31, "r_id": "201", "r_type": "Resort Villa", "r_price": "400.00", "feature": "Private entrance, outdoor shower, and garden terrace."}},
  {"model": "hotels.room", "pk": 76, "fields": {"hotel": 31, "r_id": "301", "r_type": "Tea Garden Suite", "r_price": "250.00", "feature": "Located on the top floor with tea plantation views."}},
  
  {"model": "hotels.room", "pk": 77, "fields": {"hotel": 34, "r_id": "201", "r_type": "Conference Suite", "r_price": "220.00", "feature": "Includes a private 4-person meeting table in-room."}},
  
  {"model": "hotels.room", "pk": 78, "fields": {"hotel": 52, "r_id": "201", "r_type": "Heritage Suite", "r_price": "210.00", "feature": "Classic architecture with modern luxury plumbing."}},
  
  {"model": "hotels.room", "pk": 79, "fields": {"hotel": 64, "r_id": "201", "r_type": "Ocean Front Suite", "r_price": "380.00", "feature": "Direct view of the beach with a private infinity balcony."}},
  {"model": "hotels.room", "pk": 80, "fields": {"hotel": 64, "r_id": "301", "r_type": "Sunset Studio", "r_price": "260.00", "feature": "West-facing room optimized for sunset viewing."}},
  
  {"model": "hotels.room", "pk": 81, "fields": {"hotel": 65, "r_id": "201", "r_type": "Premium Balcony", "r_price": "145.00", "feature": "Higher floor with sea views and morning coffee station."}},
  
  {"model": "hotels.room", "pk": 82, "fields": {"hotel": 3, "r_id": "201", "r_type": "Economy Triple", "r_price": "85.00", "feature": "Affordable option with three single beds for groups."}},
  {"model": "hotels.room", "pk": 83, "fields": {"hotel": 10, "r_id": "201", "r_type": "Studio Plus", "r_price": "95.00", "feature": "Compact room with a small sofa and work desk."}}

]